ID,d1,d2,d3,d4,d5,d6,d7,d8,d9,d10
1,-0.506997066,1.473207286,-0.499924568,-0.474766916,-0.617207,-0.506997066,-0.528339634,-0.624100208,-0.535032281,-0.535032281
2,-0.475143847,-0.619850904,-0.478651182,-0.485496112,1.473435645,-0.475143847,-0.528339634,-0.624100208,-0.535032281,-0.535032281
3,-0.517614805,-0.628342012,-0.521197954,-0.539142091,-0.629954821,-0.517614805,-0.442080102,1.473216137,-0.428025825,-0.428025825
4,1.499755718,-0.225014369,1.499773704,1.499405118,-0.226273823,1.499755718,1.498759369,-0.225015721,1.498090388,1.498090388
